id,wallet_address,name,email,phone,city,state,role,per_tx_limit,daily_limit,agent_registered,budget_set,funded,payment_count,tx_count
1,GD6T3MKRQVEZPU6BBLF5NIKGDM3AV3WZJQL6TTMS4RRAZEEREPNU6YOM,"Rajan Singh",rajansingh96@icloud.com,65430850895,Mumbai,Maharashtra,owner,1691,10146,true,true,true,2,5
2,GAD3GUJWG6GUHLMQVX2AFX4FTUXINPXXBY33GVQG3UJK3H2AQ3JO2AIN,"Divya Dubey",divya.dubey@outlook.com,76990748219,Delhi,Delhi,owner,1690,10140,true,true,true,2,5
3,GDGDU6SJQWNNYOBSRSRM73F5VG5R56PJ2N6JYIT5ZDZTXJWY4W3WG5K2,"Nandini Das",nandinidas94@gmail.com,65400196900,Bangalore,Karnataka,owner,1839,20229,true,true,true,1,4
4,GDWDMVCIXCLRZ2RYUBTF6SEVZKZDGMKIVZ3T7GW7K5RAZMP5WBGSSWW5,"Bhuvan Reddy",bhuvan_reddy@icloud.com,98710578897,Hyderabad,Telangana,owner,2233,22330,true,true,true,1,4
5,GCPCIF6VZCWEO7BRM2TTDDU42TOVADANDYAV6AQ7HFJ256FIYKQY5NAG,"Bhavna Deshmukh",bhavnadeshmukh5@zoho.com,88776741303,Chennai,Tamil Nadu,owner,635,11430,true,true,true,2,5
6,GCHRESUPMH3QVGQMKSNFS36QUOZE7FQIEWT5K4CLILD6QCHOW3I2CF4A,"Pranav Saxena",pranavsaxena@proton.me,87665178823,Kolkata,West Bengal,owner,1516,9096,true,true,true,2,5
7,GDIZ5ACNBHOKFZY24V5SADDS5QWZKZVDXN3KLIK3KXEXTYUIX75DNSLL,"Indira Iyer",indiraiyer35@yahoo.in,65990277724,Pune,Maharashtra,owner,1396,26524,false,false,true,0,1
8,GCY6JK5ZKDLS243ORUNBYVXJ7I7FSOCDPOYSN3XQ2NM2ANUIV5FA2FSA,"Kavya Trivedi",kavya_trivedi@zoho.com,98765620704,Ahmedabad,Gujarat,owner,2371,33194,true,true,true,2,5
9,GBEGMBPZD4YC73WKQDVP4P5ECDMTA5NT5LEWOYKALPRY4CRSETWYEM26,"Esha Tiwari",esha.tiwari@icloud.com,76540494085,Jaipur,Rajasthan,owner,1421,17052,true,true,true,1,4
10,GDZS5E3JFWQYRHA462UHBD5Q2YZCVBQ7PIV3T3ODQHLMB6LJGSRWD6WP,"Manish Pandey",manish_pandey@proton.me,98200946861,Lucknow,Uttar Pradesh,owner,686,6174,true,true,true,1,4
11,GAYJJ5BQG4MH27CTZTUVVWOLWGJG6T4NC5EBGXOHEIQQQHRDDMG2RJA4,"Nikhil Yadav",nikhilyadav1@icloud.com,88776374064,Surat,Gujarat,owner,962,14430,true,true,true,1,4
12,GDHETV3B7OQZZQIF7JUQPDMMASR7BFVIIEBP7PPUU4GP3KZH4H354MVW,"Rupali Shenoy",rupali.shenoy@gmail.com,99887530600,Indore,Madhya Pradesh,owner,2270,18160,true,true,true,1,4
13,GBVDK3KSTASAUJ4MMBV6NGK3SLPVY4DRBZ5YR4S7A6TMKWYJNZZ3ANC2,"Ganesh Joshi",ganesh.joshi@zoho.com,87990500097,Bhopal,Madhya Pradesh,owner,2035,28490,true,true,true,1,4
14,GBOYMZHBHXD2RCNB4F5Q33GJF6WWPWDACKW5ZTMANY42K3T2ORPMEJK5,"Rajesh Srivastava",rajesh_srivastava@zoho.com,66554396365,Chandigarh,Chandigarh,owner,2378,16646,true,true,true,1,4
15,GCX4WQDMC2I3WJPVT6PIVKNCFQHAQMBWB6SW5YACH6AK4XZCV2WDYXWR,"Neha Nair",neha_nair@outlook.com,77665623977,Nagpur,Maharashtra,owner,861,9471,true,true,true,1,4
16,GAZIZUEQQ44W2A6MG7QHAY6NL75GESE2UU7UFBRZPG363R5MI2JQWJKJ,"Chirag Gupta",chirag_gupta@icloud.com,87654952918,Visakhapatnam,Andhra Pradesh,owner,1023,5115,true,true,true,1,4
17,GCS7CNBXCZIKZE2O4ZGQMEJ6VCPYYGGMHZZBFNGJDRWHWZ3SWJFRYLUO,"Kamala Naik",kamalanaik@outlook.com,87190396424,Thiruvananthapuram,Kerala,owner,588,9996,true,true,true,1,4
18,GDFYRIELPEGJ2G35NVM2I252SRIKKREHHYK6RUDJGXDTFSAAGC3X2NHK,"Uma Verma",uma_verma@yahoo.in,76100417390,Coimbatore,Tamil Nadu,owner,643,9645,true,true,true,1,4
19,GDESDCTOBGO5QBNRLLXRVM42QES5CL2D43IJODASZTBHFH6AN5W56CIO,"Jayesh Agarwal",jayesh.agarwal@gmail.com,98710153969,Guwahati,Assam,owner,1136,11360,true,true,true,1,4
20,GDMHXSWDGBKIA7D7SOJF7MZCEHU62APMU5D6N4JRLRQVAIKUYJ6SX5MO,"Vasundhara Kulkarni",vasundhara_kulkarni@zoho.com,87665365514,Bhubaneswar,Odisha,owner,1885,28275,true,true,true,1,4
21,GB2J3IBREEYZIAURWGNFSWVEWJXVH6RICMUYF3YM66VP77VOMQFSJMRS,"Priya Choudhury",priya.choudhury@zoho.com,87190278716,Patna,Bihar,owner,1124,15736,true,true,true,1,4
22,GCCKIGGJBXKELTR3O6FKE3IQSJGLGUFSFSV72WLTEYPH65FQG4X7Y5AH,"Sunita Bhat",sunita_bhat@icloud.com,65100783976,Mangalore,Karnataka,agent,1284,6420,true,true,true,1,4
23,GA3ML4EBE3TNMHGKDNZOYOZ5356RIPRLSSJBSVBWHXJVYPXSV6W4HXTS,"Geeta Kamath",geetakamath@rediffmail.com,65190893133,Mysore,Karnataka,agent,1614,20982,true,true,true,1,4
24,GBKCDZIYYJAVT6KESITPUEA35R54ED3JNK2AN332RGZBHRB2ODHJ3IZW,"Pallavi Patel",pallavi.patel@zoho.com,98200281943,Vadodara,Gujarat,agent,2169,36873,true,true,true,1,4
25,GD5ALUPR2IAX5BBBU6WFFZLMBFJ4PUE5M6CF53YOGZ3BNRVYQRMKH3ZC,"Aarav Ghosh",aaravghosh@outlook.com,87670178065,Ranchi,Jharkhand,agent,1300,6500,true,true,true,1,4
26,GDP7XEIWII2TXRX3W7IHQMGA7EVQ7EXWK5BUV7VMDUA2KKJV33AJQ2UF,"Harsh Pillai",harsh_pillai@outlook.com,76100714535,Mumbai,Maharashtra,agent,1727,29359,true,true,true,1,4
27,GBT2TCJ4F6T2XDWBBFYTWKAV72UCNHVRPL5SIDQ2BDZUKHSRJYMPHOQY,"Deepika Sharma",deepikasharma39@rediffmail.com,87190836517,Delhi,Delhi,agent,547,9299,true,false,true,0,2
28,GC7ODS7OWPLVFEWU7B4Y7OH4ZBJUKYVORT4K7N2M4I4MY42ZXJ5J2BQV,"Mohan Hegde",mohanhegde@gmail.com,98710576895,Bangalore,Karnataka,agent,825,5775,true,true,true,1,4
29,GA7FJC3PW7SS4Q23OXEF7LXQIVLEEIAFD2NQAEV2DJGDH45AZORBLJDK,"Amit Menon",amit_menon@proton.me,76543212207,Hyderabad,Telangana,agent,1911,11466,true,true,true,1,4
30,GB6S7AA6X37QLJ3NJJU44XOYLGGCMHGCNAVTAB3MUWGZQW7JLJHV2S3R,"Jatin Bose",jatin_bose@gmail.com,98765861012,Chennai,Tamil Nadu,agent,760,5320,true,true,true,1,4
31,GD6AXCBEN34ZH47QXW5FJRZCWO2UBKK67QDUMDPG45NYHE6SMW6JJWRN,"Sarita Kumar",sarita_kumar@rediffmail.com,76500816871,Kolkata,West Bengal,agent,2187,34992,true,true,true,0,3
32,GD3VDMAT5F5C3DR5KTYA4RCNL7RJ3FUTHWNFLY4Z55BPJZ3WGYGHMQQR,"Meera Mishra",meeramishra80@icloud.com,76190761294,Pune,Maharashtra,agent,1874,18740,true,true,true,0,3
33,GDY4DNS3ZFKJB3VYDFDHVMEPMBLZFXORDQPCLC763MWMIW7RYNWEWMDO,"Uday Banerjee",udaybanerjee@rediffmail.com,98710861499,Ahmedabad,Gujarat,agent,1831,20141,true,true,true,0,3
34,GA4CGU7LMQBF3DI55LPXJMJHU2OWYMDWNO35XAJHUGIWF5S35HSDVCVD,"Ananya Chauhan",ananyachauhan@outlook.com,87665575114,Jaipur,Rajasthan,agent,573,5730,true,true,true,0,3
35,GCVEGP6FZGHNW2XIUSPVKV7MOXVXLSWT5J6WOTJCUUZRFQQZJL3KGGE2,"Harini Prabhu",hariniprabhu@rediffmail.com,65400415135,Lucknow,Uttar Pradesh,agent,1992,29880,true,true,true,0,3
36,GBH34WW2KIJZ6IYPV6A3VO4Q3QSESGB3KFEM65KY3YTDYYDQYGNO5GXY,"Vivek Rao",vivek.rao@zoho.com,99887933739,Surat,Gujarat,agent,1056,11616,true,true,true,0,3
37,GBCTGCVIRSG4FKMZLEKQMQGRI22HPRLIHUVK37XBK65UOZD4YMBMYOSC,"Deepti Singh",deeptisingh22@yahoo.in,87660535988,Indore,Madhya Pradesh,agent,1782,30294,true,true,true,0,3
38,GBNZSQCFCKCDF3O4GY3DJHXXOZ3OJPJBRVABVWO43KOP35OL2SHHZU7A,"Aditi Dubey",aditi_dubey@rediffmail.com,87665963063,Bhopal,Madhya Pradesh,agent,749,11235,true,true,true,0,3
39,GCC4ED4RQM6S4D2OHXZLD5HZGUJX3NPPDQCGAYS6W4HNUXMZCUF2QP2M,"Vikram Das",vikramdas79@gmail.com,76540577482,Chandigarh,Chandigarh,agent,1546,24736,true,true,true,0,3
40,GAPZ2EYGQRWTHO22QMW6ETZVYM3A6EWEKXLYOD6ROFAZ2673RDQGRYQN,"Varun Reddy",varun.reddy@icloud.com,87654504395,Nagpur,Maharashtra,agent,1909,36271,true,true,true,0,3
41,GBFVK6LDGNEXLQY7CWCKFU7W4EOJ6PQJXBWIFWEAXHKA76PF7JWCKK7A,"Lakshmi Deshmukh",lakshmi_deshmukh@rediffmail.com,87990386611,Visakhapatnam,Andhra Pradesh,agent,1564,14076,true,true,true,0,3
42,GD67IVUIS5FW22JEVH7MJELVJDO7HVW7FSPOPPTSKFKEVVHRN4L27DF7,"Lalit Saxena",lalit_saxena@proton.me,87654445667,Thiruvananthapuram,Kerala,agent,1744,12208,true,true,true,0,3
43,GCRUGPAGQWFDI6PG4SJTPDQUMQLO4SLX4UXLD3XYVR34XYB4GIWSVHCL,"Sanjana Iyer",sanjana_iyer@rediffmail.com,87654711157,Coimbatore,Tamil Nadu,agent,1349,10792,true,true,true,0,3
44,GBUMOEY4QJDOI4VJFDA7X24TZEGAMRMYNWASATFKX4X2O7MHQBPY6552,"Sonia Trivedi",soniatrivedi@zoho.com,88776499793,Guwahati,Assam,agent,713,9982,true,true,true,0,3
45,GDEIHWTBISLHT4ZDFIQBAYTK3ZMGP5CZF5G3T6BXMLPWVB32IFYS52BB,"Aryan Tiwari",aryantiwari@gmail.com,87660118587,Bhubaneswar,Odisha,agent,600,10200,true,true,true,0,3
46,GDCMUPRA4V6EU2WQJ7C2HOXYC4SPE7U6FW2ISFHEVDVZPUHQIJEOGZLE,"Anjali Pandey",anjali_pandey@yahoo.in,76100198388,Patna,Bihar,agent,1818,18180,true,true,true,0,3
47,GDWE6MBJPXAS6CKKWJ5JPDLNJK65ABQ4DCQ2XWBQX44G5E67B32IR7YU,"Kiran Yadav",kiranyadav19@outlook.com,77665621103,Mangalore,Karnataka,agent,1749,33231,true,true,true,0,3
48,GBJBL7RNLOOLNHL4C46PFCR5OAFWEZYG2HYYKMB4QO2SG6XXGO3KYOLP,"Rohit Shenoy",rohitshenoy@rediffmail.com,99887790764,Mysore,Karnataka,agent,1363,25897,true,true,true,0,3
49,GA3EYTDJELE3NAWEGVHAZFHCJPYMDA5GMZ5ER5YWPYA44KRHFZBO4SME,"Sameer Joshi",sameerjoshi@gmail.com,98190814441,Vadodara,Gujarat,agent,621,8694,true,true,true,0,3
50,GBLZWWANWT5RMGVQKYJPBTWJ6OIV7DR2OPG4BOUEMHZZ2KIP77VZHLYU,"Yash Srivastava",yash.srivastava@zoho.com,98670258796,Ranchi,Jharkhand,agent,809,11326,true,true,true,0,3
51,GDOACY6W7UN3R4YNKKXIKX7UPPRRKD236HPRBXZM373USCZYPWJ4PJVB,"Isha Nair",ishanair93@icloud.com,76543855289,Mumbai,Maharashtra,agent,1031,14434,true,true,true,0,3
52,GCPHJ7BPLW6NNTEWVZTRDT6ERE6MMW2VPISLTDX2EN2GLJROANKF4OHZ,"Gaurav Gupta",gauravgupta47@gmail.com,76100685825,Delhi,Delhi,agent,1622,12976,true,true,true,0,3
53,GALI4VUMOLW7MWB6MWGMSMNFHCJBNGSFEMZ2ZPUT4IZ6IQZ46UJ3SYWO,"Arjun Naik",arjunnaik@rediffmail.com,76990305934,Bangalore,Karnataka,agent,1669,23366,true,true,true,0,3
54,GDH7JIO2J2V4USKDUMXJ7XFS3HHUF32AFOWVFSU7NKKQRCFDCKOYT4DV,"Dhruv Verma",dhruv_verma@yahoo.in,76500681527,Hyderabad,Telangana,agent,2323,44137,false,false,true,0,1
55,GARGW2ASP4LSRRZ6RVMWXWRM5ZK3CVA2CCHVW5AAVEEYX4IIHC5KLXUF,"Rahul Agarwal",rahul_agarwal@icloud.com,76500352432,Chennai,Tamil Nadu,agent,859,16321,false,false,true,0,1
56,GDXQZ4TZ5AGQQ46TXVSH7ZCJSVP465KTHB4MZVB7TL7XX6L73ATH6YPN,"Shivani Kulkarni",shivani.kulkarni@yahoo.in,98765832200,Kolkata,West Bengal,agent,1291,10328,false,false,true,0,1
57,GC5XQPEJ4WN7CXLID6QBAU3HK7CWUV7R2L36I5FWITEIXBQGZ3B35BIU,"Tanvi Choudhury",tanvichoudhury1@yahoo.in,76500588629,Pune,Maharashtra,agent,1578,28404,true,true,true,0,3
58,GAIWAFNXHRTH32GP4GTJEC5KH5WNMDGDQFPALMZOZWM2OVX4HEMYC4WV,"Srinivas Bhat",srinivasbhat91@yahoo.in,87670863271,Ahmedabad,Gujarat,agent,1119,12309,true,true,true,0,3
59,GCOEYTKDZOPTDYYNW5ETPPWGKNWVBDX2AFD5PGUCMMFVNKKHG4SLWWNP,"Chandan Kamath",chandan_kamath@outlook.com,76543359905,Jaipur,Rajasthan,agent,1317,10536,true,true,true,0,3
60,GA4I3FG6MYMHNMLLAWFHKUXOJ6E4CE2WKQ3DL7CRV42ZR6F7QV3MBXR4,"Rekha Patel",rekha.patel@gmail.com,76190415812,Lucknow,Uttar Pradesh,agent,2307,16149,true,true,true,0,3
61,GBKE2KGZAY3DIE5JY2PME54NV354OLN6LWFZEZSRUGABLUMNDVGXVBQN,"Sandeep Ghosh",sandeepghosh@zoho.com,65430914761,Surat,Gujarat,agent,999,16983,true,true,true,0,3