user_id,name,wallet_address,tx_type,tx_hash,explorer_url,details
1,"Rajan Singh",GD6T3MKRQVEZPU6BBLF5NIKGDM3AV3WZJQL6TTMS4RRAZEEREPNU6YOM,register_agent,9cc63e47e550cbff41a60d9ac69be3733471bdda2169cd719ca1e8b8c341b131,https://stellar.expert/explorer/testnet/tx/9cc63e47e550cbff41a60d9ac69be3733471bdda2169cd719ca1e8b8c341b131,""
1,"Rajan Singh",GD6T3MKRQVEZPU6BBLF5NIKGDM3AV3WZJQL6TTMS4RRAZEEREPNU6YOM,set_budget,a0128026a337dc8440acfc06a6b14a32ccca15cb1591399b7ac69c19c31f2c18,https://stellar.expert/explorer/testnet/tx/a0128026a337dc8440acfc06a6b14a32ccca15cb1591399b7ac69c19c31f2c18,""
1,"Rajan Singh",GD6T3MKRQVEZPU6BBLF5NIKGDM3AV3WZJQL6TTMS4RRAZEEREPNU6YOM,create_payment,41f098066d95f40f538f71f364273be3ab3a874150cdef1ae2de37ec87032172,https://stellar.expert/explorer/testnet/tx/41f098066d95f40f538f71f364273be3ab3a874150cdef1ae2de37ec87032172,"amount:922 to:GD6AXCBE..."
1,"Rajan Singh",GD6T3MKRQVEZPU6BBLF5NIKGDM3AV3WZJQL6TTMS4RRAZEEREPNU6YOM,create_payment,8deada6337fd17a144436231147695b2ddea19ea1ee33d6c52f2431417667900,https://stellar.expert/explorer/testnet/tx/8deada6337fd17a144436231147695b2ddea19ea1ee33d6c52f2431417667900,"amount:200 to:GA3EYTDJ..."
2,"Divya Dubey",GAD3GUJWG6GUHLMQVX2AFX4FTUXINPXXBY33GVQG3UJK3H2AQ3JO2AIN,register_agent,0a6f2597ab740dde7f93e5dec329befacb80677d9bfbf2aacb5e258d469fc313,https://stellar.expert/explorer/testnet/tx/0a6f2597ab740dde7f93e5dec329befacb80677d9bfbf2aacb5e258d469fc313,""
2,"Divya Dubey",GAD3GUJWG6GUHLMQVX2AFX4FTUXINPXXBY33GVQG3UJK3H2AQ3JO2AIN,set_budget,d3367f941d54aaee8b7a7be03c9142dcc03cc06f6df15b6351a026724b06da87,https://stellar.expert/explorer/testnet/tx/d3367f941d54aaee8b7a7be03c9142dcc03cc06f6df15b6351a026724b06da87,""
2,"Divya Dubey",GAD3GUJWG6GUHLMQVX2AFX4FTUXINPXXBY33GVQG3UJK3H2AQ3JO2AIN,create_payment,709db9fa3f6e956f1ab4e782ff2ddd2e6dad661350d348d4ed5ef32318c20655,https://stellar.expert/explorer/testnet/tx/709db9fa3f6e956f1ab4e782ff2ddd2e6dad661350d348d4ed5ef32318c20655,"amount:684 to:GD3VDMAT..."
2,"Divya Dubey",GAD3GUJWG6GUHLMQVX2AFX4FTUXINPXXBY33GVQG3UJK3H2AQ3JO2AIN,create_payment,cbf941e9938da3af902fbb5f2827aac3ba56e3e5cae5baf77571762e67314e91,https://stellar.expert/explorer/testnet/tx/cbf941e9938da3af902fbb5f2827aac3ba56e3e5cae5baf77571762e67314e91,"amount:200 to:GBLZWWAN..."
3,"Nandini Das",GDGDU6SJQWNNYOBSRSRM73F5VG5R56PJ2N6JYIT5ZDZTXJWY4W3WG5K2,register_agent,03ae172e27e7bdbbd284a914bdacaf5e6e427cac9bf33f3c81cc0bbe2cc0ad70,https://stellar.expert/explorer/testnet/tx/03ae172e27e7bdbbd284a914bdacaf5e6e427cac9bf33f3c81cc0bbe2cc0ad70,""
3,"Nandini Das",GDGDU6SJQWNNYOBSRSRM73F5VG5R56PJ2N6JYIT5ZDZTXJWY4W3WG5K2,set_budget,9e5a12326f6456ca6b74c6b9ebcff62b28b539e65e95764fc1dc68f2394a7596,https://stellar.expert/explorer/testnet/tx/9e5a12326f6456ca6b74c6b9ebcff62b28b539e65e95764fc1dc68f2394a7596,""
3,"Nandini Das",GDGDU6SJQWNNYOBSRSRM73F5VG5R56PJ2N6JYIT5ZDZTXJWY4W3WG5K2,create_payment,777d6693258fad0c077adbaba19f2ad8699a2b375e9bf17a803f1e5ac8a64b07,https://stellar.expert/explorer/testnet/tx/777d6693258fad0c077adbaba19f2ad8699a2b375e9bf17a803f1e5ac8a64b07,"amount:200 to:GCHRESUP..."
4,"Bhuvan Reddy",GDWDMVCIXCLRZ2RYUBTF6SEVZKZDGMKIVZ3T7GW7K5RAZMP5WBGSSWW5,register_agent,302b2768f187a3a8456b7b22d752acceee0fdbe55aa8fe360fd60a98ae1bc874,https://stellar.expert/explorer/testnet/tx/302b2768f187a3a8456b7b22d752acceee0fdbe55aa8fe360fd60a98ae1bc874,""
4,"Bhuvan Reddy",GDWDMVCIXCLRZ2RYUBTF6SEVZKZDGMKIVZ3T7GW7K5RAZMP5WBGSSWW5,set_budget,6906df1a6fc08449b6fa2d2866e2f0a965cf4269623c86a29a66ae3f1a7b7e18,https://stellar.expert/explorer/testnet/tx/6906df1a6fc08449b6fa2d2866e2f0a965cf4269623c86a29a66ae3f1a7b7e18,""
4,"Bhuvan Reddy",GDWDMVCIXCLRZ2RYUBTF6SEVZKZDGMKIVZ3T7GW7K5RAZMP5WBGSSWW5,create_payment,50f2cfc3fc9b36422861a133a1d23ca626104eb44f8e65a47a12aa243060a91a,https://stellar.expert/explorer/testnet/tx/50f2cfc3fc9b36422861a133a1d23ca626104eb44f8e65a47a12aa243060a91a,"amount:200 to:GA7FJC3P..."
5,"Bhavna Deshmukh",GCPCIF6VZCWEO7BRM2TTDDU42TOVADANDYAV6AQ7HFJ256FIYKQY5NAG,register_agent,001da4441b9d050fccb03df042f352aa740e3bd0e2634bc5c76fcc3370729b2e,https://stellar.expert/explorer/testnet/tx/001da4441b9d050fccb03df042f352aa740e3bd0e2634bc5c76fcc3370729b2e,""
5,"Bhavna Deshmukh",GCPCIF6VZCWEO7BRM2TTDDU42TOVADANDYAV6AQ7HFJ256FIYKQY5NAG,set_budget,38b72d8b22d64a93309cca68ca03bb6459154c18866ac2d3765908f6b7bed799,https://stellar.expert/explorer/testnet/tx/38b72d8b22d64a93309cca68ca03bb6459154c18866ac2d3765908f6b7bed799,""
5,"Bhavna Deshmukh",GCPCIF6VZCWEO7BRM2TTDDU42TOVADANDYAV6AQ7HFJ256FIYKQY5NAG,create_payment,2b766bbb30d3518902ce9807ef1f212dd04472fb8b52dbc307092979154d2e47,https://stellar.expert/explorer/testnet/tx/2b766bbb30d3518902ce9807ef1f212dd04472fb8b52dbc307092979154d2e47,"amount:556 to:GCVEGP6F..."
5,"Bhavna Deshmukh",GCPCIF6VZCWEO7BRM2TTDDU42TOVADANDYAV6AQ7HFJ256FIYKQY5NAG,create_payment,a8b375bddb72254cfd2efd468c706dbf1b4f95295d0553466011c25133de5e16,https://stellar.expert/explorer/testnet/tx/a8b375bddb72254cfd2efd468c706dbf1b4f95295d0553466011c25133de5e16,"amount:200 to:GCPHJ7BP..."
6,"Pranav Saxena",GCHRESUPMH3QVGQMKSNFS36QUOZE7FQIEWT5K4CLILD6QCHOW3I2CF4A,register_agent,b514d9568468a3acde8a44765025abe613ea135d187e6d0631bf7840cbd1cca6,https://stellar.expert/explorer/testnet/tx/b514d9568468a3acde8a44765025abe613ea135d187e6d0631bf7840cbd1cca6,""
6,"Pranav Saxena",GCHRESUPMH3QVGQMKSNFS36QUOZE7FQIEWT5K4CLILD6QCHOW3I2CF4A,set_budget,df69265140ad3a0e9dbb7acaa8cb77fafed30e6c94455f50ff27cc8ea2c811c5,https://stellar.expert/explorer/testnet/tx/df69265140ad3a0e9dbb7acaa8cb77fafed30e6c94455f50ff27cc8ea2c811c5,""
6,"Pranav Saxena",GCHRESUPMH3QVGQMKSNFS36QUOZE7FQIEWT5K4CLILD6QCHOW3I2CF4A,create_payment,53954d03c65859080df723e7e3b4d418ba5ae3cd235387928b59c6ffaf1ac46e,https://stellar.expert/explorer/testnet/tx/53954d03c65859080df723e7e3b4d418ba5ae3cd235387928b59c6ffaf1ac46e,"amount:808 to:GBH34WW2..."
6,"Pranav Saxena",GCHRESUPMH3QVGQMKSNFS36QUOZE7FQIEWT5K4CLILD6QCHOW3I2CF4A,create_payment,b1622eabbcac2c0bcec2ab0dab14723f2e5e4eb69638eab3d8d9ba4349e1f079,https://stellar.expert/explorer/testnet/tx/b1622eabbcac2c0bcec2ab0dab14723f2e5e4eb69638eab3d8d9ba4349e1f079,"amount:200 to:GDFYRIEL..."
8,"Kavya Trivedi",GCY6JK5ZKDLS243ORUNBYVXJ7I7FSOCDPOYSN3XQ2NM2ANUIV5FA2FSA,register_agent,238c9071cdc964403eb0d33b5d74bbfb9de60e1c194cf13d770d66d77ef4914d,https://stellar.expert/explorer/testnet/tx/238c9071cdc964403eb0d33b5d74bbfb9de60e1c194cf13d770d66d77ef4914d,""
8,"Kavya Trivedi",GCY6JK5ZKDLS243ORUNBYVXJ7I7FSOCDPOYSN3XQ2NM2ANUIV5FA2FSA,set_budget,c0dd3be6400c95cc3e7e930f1c9cf9fc70926aabdf0df02e574893789004d0be,https://stellar.expert/explorer/testnet/tx/c0dd3be6400c95cc3e7e930f1c9cf9fc70926aabdf0df02e574893789004d0be,""
8,"Kavya Trivedi",GCY6JK5ZKDLS243ORUNBYVXJ7I7FSOCDPOYSN3XQ2NM2ANUIV5FA2FSA,create_payment,1bbefa2247c6d50cbb87aa8adf13883e24994e8bacfd304104d7667573da5ef3,https://stellar.expert/explorer/testnet/tx/1bbefa2247c6d50cbb87aa8adf13883e24994e8bacfd304104d7667573da5ef3,"amount:1048 to:GBCTGCVI..."
8,"Kavya Trivedi",GCY6JK5ZKDLS243ORUNBYVXJ7I7FSOCDPOYSN3XQ2NM2ANUIV5FA2FSA,create_payment,73afe8660cbd3309747b798d48731a3ec307d778bc1118d68db388cc96aeae0e,https://stellar.expert/explorer/testnet/tx/73afe8660cbd3309747b798d48731a3ec307d778bc1118d68db388cc96aeae0e,"amount:200 to:GBNZSQCF..."
9,"Esha Tiwari",GBEGMBPZD4YC73WKQDVP4P5ECDMTA5NT5LEWOYKALPRY4CRSETWYEM26,register_agent,ffffab57e5317927f0b6b8b4a5cd5f2b77bce8517f30c15486a5f0cf28296f43,https://stellar.expert/explorer/testnet/tx/ffffab57e5317927f0b6b8b4a5cd5f2b77bce8517f30c15486a5f0cf28296f43,""
9,"Esha Tiwari",GBEGMBPZD4YC73WKQDVP4P5ECDMTA5NT5LEWOYKALPRY4CRSETWYEM26,set_budget,d52a6ee79b33b96eba81478a1fd895bf338ad457125c9f85b878c859c3e855f4,https://stellar.expert/explorer/testnet/tx/d52a6ee79b33b96eba81478a1fd895bf338ad457125c9f85b878c859c3e855f4,""
9,"Esha Tiwari",GBEGMBPZD4YC73WKQDVP4P5ECDMTA5NT5LEWOYKALPRY4CRSETWYEM26,create_payment,66febcd39ebed6f1bbd1aec15b898d1e7c22da8e0f3bfdfa7da77f317d07d8b8,https://stellar.expert/explorer/testnet/tx/66febcd39ebed6f1bbd1aec15b898d1e7c22da8e0f3bfdfa7da77f317d07d8b8,"amount:622 to:GBNZSQCF..."
10,"Manish Pandey",GDZS5E3JFWQYRHA462UHBD5Q2YZCVBQ7PIV3T3ODQHLMB6LJGSRWD6WP,register_agent,4c9ea0c7741a689eeb7878841d03785eb118a2287f777047429db9a906067627,https://stellar.expert/explorer/testnet/tx/4c9ea0c7741a689eeb7878841d03785eb118a2287f777047429db9a906067627,""
10,"Manish Pandey",GDZS5E3JFWQYRHA462UHBD5Q2YZCVBQ7PIV3T3ODQHLMB6LJGSRWD6WP,set_budget,e701dfafed1a73543965410a7ab49e213d997cc47b8cf1f2a6c80c32e421a7ad,https://stellar.expert/explorer/testnet/tx/e701dfafed1a73543965410a7ab49e213d997cc47b8cf1f2a6c80c32e421a7ad,""
10,"Manish Pandey",GDZS5E3JFWQYRHA462UHBD5Q2YZCVBQ7PIV3T3ODQHLMB6LJGSRWD6WP,create_payment,52edca3ee03a65da3ff0662888efa470e9658a90908430547538ac3a4630d7f4,https://stellar.expert/explorer/testnet/tx/52edca3ee03a65da3ff0662888efa470e9658a90908430547538ac3a4630d7f4,"amount:318 to:GCC4ED4R..."
11,"Nikhil Yadav",GAYJJ5BQG4MH27CTZTUVVWOLWGJG6T4NC5EBGXOHEIQQQHRDDMG2RJA4,register_agent,9a5cf68f92076630ebe8a25d80cecc4ac7bdb1ec84af29c0cb842386477d89a1,https://stellar.expert/explorer/testnet/tx/9a5cf68f92076630ebe8a25d80cecc4ac7bdb1ec84af29c0cb842386477d89a1,""
11,"Nikhil Yadav",GAYJJ5BQG4MH27CTZTUVVWOLWGJG6T4NC5EBGXOHEIQQQHRDDMG2RJA4,set_budget,203322c4c18f3b77f0d5260195c3b0086bd11672e1a12187d800f31fda4cb109,https://stellar.expert/explorer/testnet/tx/203322c4c18f3b77f0d5260195c3b0086bd11672e1a12187d800f31fda4cb109,""
11,"Nikhil Yadav",GAYJJ5BQG4MH27CTZTUVVWOLWGJG6T4NC5EBGXOHEIQQQHRDDMG2RJA4,create_payment,f7a58c0bf02e6d921c8d54d2a3d6264c8c1545a05c8c2654219d5ef587369f79,https://stellar.expert/explorer/testnet/tx/f7a58c0bf02e6d921c8d54d2a3d6264c8c1545a05c8c2654219d5ef587369f79,"amount:734 to:GAPZ2EYG..."
12,"Rupali Shenoy",GDHETV3B7OQZZQIF7JUQPDMMASR7BFVIIEBP7PPUU4GP3KZH4H354MVW,register_agent,7494a6231de36e67d1b2e82055b0b9cdf1cc9ddd5037ee4386ecae2b7c3616d9,https://stellar.expert/explorer/testnet/tx/7494a6231de36e67d1b2e82055b0b9cdf1cc9ddd5037ee4386ecae2b7c3616d9,""
12,"Rupali Shenoy",GDHETV3B7OQZZQIF7JUQPDMMASR7BFVIIEBP7PPUU4GP3KZH4H354MVW,set_budget,9045ef1b72f9becbfe750a60792d067c96c64c2f264c15dd4ce5bbaa7bad7b3d,https://stellar.expert/explorer/testnet/tx/9045ef1b72f9becbfe750a60792d067c96c64c2f264c15dd4ce5bbaa7bad7b3d,""
12,"Rupali Shenoy",GDHETV3B7OQZZQIF7JUQPDMMASR7BFVIIEBP7PPUU4GP3KZH4H354MVW,create_payment,d35d5616609ea8798dd2a1cb4a7238f9208bda08782f13c88ecf98b836b4a7dd,https://stellar.expert/explorer/testnet/tx/d35d5616609ea8798dd2a1cb4a7238f9208bda08782f13c88ecf98b836b4a7dd,"amount:806 to:GBFVK6LD..."
13,"Ganesh Joshi",GBVDK3KSTASAUJ4MMBV6NGK3SLPVY4DRBZ5YR4S7A6TMKWYJNZZ3ANC2,register_agent,0f280d41a1f9aef448b6ec616d8725cdad934c2f48d7984c8810e1094b2a25fd,https://stellar.expert/explorer/testnet/tx/0f280d41a1f9aef448b6ec616d8725cdad934c2f48d7984c8810e1094b2a25fd,""
13,"Ganesh Joshi",GBVDK3KSTASAUJ4MMBV6NGK3SLPVY4DRBZ5YR4S7A6TMKWYJNZZ3ANC2,set_budget,001ca352e139b75e624df79dd0d98ba55fb5831c7b87c0379e622a836f695092,https://stellar.expert/explorer/testnet/tx/001ca352e139b75e624df79dd0d98ba55fb5831c7b87c0379e622a836f695092,""
13,"Ganesh Joshi",GBVDK3KSTASAUJ4MMBV6NGK3SLPVY4DRBZ5YR4S7A6TMKWYJNZZ3ANC2,create_payment,d61692f18f65d63b9604704ed07e67e5f43d3c3f5fda694ca6bdc4fe67664822,https://stellar.expert/explorer/testnet/tx/d61692f18f65d63b9604704ed07e67e5f43d3c3f5fda694ca6bdc4fe67664822,"amount:646 to:GD67IVUI..."
14,"Rajesh Srivastava",GBOYMZHBHXD2RCNB4F5Q33GJF6WWPWDACKW5ZTMANY42K3T2ORPMEJK5,register_agent,5a64509cd5fbc5c73fccc1f00e7b8245d61de49fc494127b5984965d2d92e008,https://stellar.expert/explorer/testnet/tx/5a64509cd5fbc5c73fccc1f00e7b8245d61de49fc494127b5984965d2d92e008,""
14,"Rajesh Srivastava",GBOYMZHBHXD2RCNB4F5Q33GJF6WWPWDACKW5ZTMANY42K3T2ORPMEJK5,set_budget,496c65513e1720241c94468a70bb669870955e4d053deae0b54f1fd48ad2a31e,https://stellar.expert/explorer/testnet/tx/496c65513e1720241c94468a70bb669870955e4d053deae0b54f1fd48ad2a31e,""
14,"Rajesh Srivastava",GBOYMZHBHXD2RCNB4F5Q33GJF6WWPWDACKW5ZTMANY42K3T2ORPMEJK5,create_payment,9f985393a9594a573a8ffee89df40f0cb242cc481bf6ef2294a6d6d877da8ffb,https://stellar.expert/explorer/testnet/tx/9f985393a9594a573a8ffee89df40f0cb242cc481bf6ef2294a6d6d877da8ffb,"amount:862 to:GCRUGPAG..."
15,"Neha Nair",GCX4WQDMC2I3WJPVT6PIVKNCFQHAQMBWB6SW5YACH6AK4XZCV2WDYXWR,register_agent,7b95488166c1410a9888faf95b676d5a3872110dbce645a57f3efa23cc85129f,https://stellar.expert/explorer/testnet/tx/7b95488166c1410a9888faf95b676d5a3872110dbce645a57f3efa23cc85129f,""
15,"Neha Nair",GCX4WQDMC2I3WJPVT6PIVKNCFQHAQMBWB6SW5YACH6AK4XZCV2WDYXWR,set_budget,28103fc5eee83e4f1ba7e742158f563e58bd8e9c503e68278e2c7b3580eacaa0,https://stellar.expert/explorer/testnet/tx/28103fc5eee83e4f1ba7e742158f563e58bd8e9c503e68278e2c7b3580eacaa0,""
15,"Neha Nair",GCX4WQDMC2I3WJPVT6PIVKNCFQHAQMBWB6SW5YACH6AK4XZCV2WDYXWR,create_payment,469b209d7075b0dabd1679a90dd0b487c4ff79169044868fc5b0f1d19b8d7a5e,https://stellar.expert/explorer/testnet/tx/469b209d7075b0dabd1679a90dd0b487c4ff79169044868fc5b0f1d19b8d7a5e,"amount:342 to:GBUMOEY4..."
16,"Chirag Gupta",GAZIZUEQQ44W2A6MG7QHAY6NL75GESE2UU7UFBRZPG363R5MI2JQWJKJ,register_agent,c10aeaf3baa3081386110a34fc696806f25fd9bc3120a05da2f83150fc459daa,https://stellar.expert/explorer/testnet/tx/c10aeaf3baa3081386110a34fc696806f25fd9bc3120a05da2f83150fc459daa,""
16,"Chirag Gupta",GAZIZUEQQ44W2A6MG7QHAY6NL75GESE2UU7UFBRZPG363R5MI2JQWJKJ,set_budget,4d103d84a6095a97297ccc382b13dfa59c47b1f90e9d5b7bfc76868afe1814fc,https://stellar.expert/explorer/testnet/tx/4d103d84a6095a97297ccc382b13dfa59c47b1f90e9d5b7bfc76868afe1814fc,""
16,"Chirag Gupta",GAZIZUEQQ44W2A6MG7QHAY6NL75GESE2UU7UFBRZPG363R5MI2JQWJKJ,create_payment,18945d5ec72f206fe29716db09b02dd78774d59be39d1af5b73659be90ecf306,https://stellar.expert/explorer/testnet/tx/18945d5ec72f206fe29716db09b02dd78774d59be39d1af5b73659be90ecf306,"amount:868 to:GDEIHWTB..."
17,"Kamala Naik",GCS7CNBXCZIKZE2O4ZGQMEJ6VCPYYGGMHZZBFNGJDRWHWZ3SWJFRYLUO,register_agent,503f2e977d18431baccfb0e5cb7902322b52a1e601eae63be42d1de67e4735ad,https://stellar.expert/explorer/testnet/tx/503f2e977d18431baccfb0e5cb7902322b52a1e601eae63be42d1de67e4735ad,""
17,"Kamala Naik",GCS7CNBXCZIKZE2O4ZGQMEJ6VCPYYGGMHZZBFNGJDRWHWZ3SWJFRYLUO,set_budget,8312e3c8a4ead4820a8aa3620c24c3f76ce676e81be2850427b82513079e4ff2,https://stellar.expert/explorer/testnet/tx/8312e3c8a4ead4820a8aa3620c24c3f76ce676e81be2850427b82513079e4ff2,""
17,"Kamala Naik",GCS7CNBXCZIKZE2O4ZGQMEJ6VCPYYGGMHZZBFNGJDRWHWZ3SWJFRYLUO,create_payment,4a770727240694993be3692a55d7cd76366d6bf0f5505f2f8237a39df16196f3,https://stellar.expert/explorer/testnet/tx/4a770727240694993be3692a55d7cd76366d6bf0f5505f2f8237a39df16196f3,"amount:442 to:GDCMUPRA..."
18,"Uma Verma",GDFYRIELPEGJ2G35NVM2I252SRIKKREHHYK6RUDJGXDTFSAAGC3X2NHK,register_agent,9345a5f80dc0e5e24eec1e2798c751fdeb831231deade9242f29b13ba546db37,https://stellar.expert/explorer/testnet/tx/9345a5f80dc0e5e24eec1e2798c751fdeb831231deade9242f29b13ba546db37,""
18,"Uma Verma",GDFYRIELPEGJ2G35NVM2I252SRIKKREHHYK6RUDJGXDTFSAAGC3X2NHK,set_budget,ac709eedfb11cb5f148cdfbd26969c2270f9d0dec6d1efaac67e1c0fe6cc7b59,https://stellar.expert/explorer/testnet/tx/ac709eedfb11cb5f148cdfbd26969c2270f9d0dec6d1efaac67e1c0fe6cc7b59,""
18,"Uma Verma",GDFYRIELPEGJ2G35NVM2I252SRIKKREHHYK6RUDJGXDTFSAAGC3X2NHK,create_payment,ca107fdf068d9677db0b37ba54770f96f29cc6f1c5e0af7151fd69edc9127d5e,https://stellar.expert/explorer/testnet/tx/ca107fdf068d9677db0b37ba54770f96f29cc6f1c5e0af7151fd69edc9127d5e,"amount:643 to:GDWE6MBJ..."
19,"Jayesh Agarwal",GDESDCTOBGO5QBNRLLXRVM42QES5CL2D43IJODASZTBHFH6AN5W56CIO,register_agent,2cd7647cfb6c388f5e6c36793b27ea4d7615e9822bd9562ed24e7506288b824e,https://stellar.expert/explorer/testnet/tx/2cd7647cfb6c388f5e6c36793b27ea4d7615e9822bd9562ed24e7506288b824e,""
19,"Jayesh Agarwal",GDESDCTOBGO5QBNRLLXRVM42QES5CL2D43IJODASZTBHFH6AN5W56CIO,set_budget,cdeffd7afe3b75aaedf292e3fd6dbeab9aab3594ee2d526595f5552c44941dce,https://stellar.expert/explorer/testnet/tx/cdeffd7afe3b75aaedf292e3fd6dbeab9aab3594ee2d526595f5552c44941dce,""
19,"Jayesh Agarwal",GDESDCTOBGO5QBNRLLXRVM42QES5CL2D43IJODASZTBHFH6AN5W56CIO,create_payment,0ec7894f4ee6158ffb9d7ad04ffdf07b3836e0321bf579c8545fb81664698562,https://stellar.expert/explorer/testnet/tx/0ec7894f4ee6158ffb9d7ad04ffdf07b3836e0321bf579c8545fb81664698562,"amount:878 to:GBJBL7RN..."
20,"Vasundhara Kulkarni",GDMHXSWDGBKIA7D7SOJF7MZCEHU62APMU5D6N4JRLRQVAIKUYJ6SX5MO,register_agent,63a53ff51629f9258724a0a7d764102128c0c92f4f3518c68b9e4a9f69d8ad3d,https://stellar.expert/explorer/testnet/tx/63a53ff51629f9258724a0a7d764102128c0c92f4f3518c68b9e4a9f69d8ad3d,""
20,"Vasundhara Kulkarni",GDMHXSWDGBKIA7D7SOJF7MZCEHU62APMU5D6N4JRLRQVAIKUYJ6SX5MO,set_budget,e7dad1fc98e280592846fa20959353f38e5e17ac4a0dd75f35e93065b882d200,https://stellar.expert/explorer/testnet/tx/e7dad1fc98e280592846fa20959353f38e5e17ac4a0dd75f35e93065b882d200,""
20,"Vasundhara Kulkarni",GDMHXSWDGBKIA7D7SOJF7MZCEHU62APMU5D6N4JRLRQVAIKUYJ6SX5MO,create_payment,2458a2626f25ad3adccc53145772d3745a0bc8148b4007b16741238b2222bc04,https://stellar.expert/explorer/testnet/tx/2458a2626f25ad3adccc53145772d3745a0bc8148b4007b16741238b2222bc04,"amount:526 to:GA3EYTDJ..."
21,"Priya Choudhury",GB2J3IBREEYZIAURWGNFSWVEWJXVH6RICMUYF3YM66VP77VOMQFSJMRS,register_agent,fa5c9fed0560d7b0e713539590dee1b1a79a6475f5379b216ba99fae8cc1bcae,https://stellar.expert/explorer/testnet/tx/fa5c9fed0560d7b0e713539590dee1b1a79a6475f5379b216ba99fae8cc1bcae,""
21,"Priya Choudhury",GB2J3IBREEYZIAURWGNFSWVEWJXVH6RICMUYF3YM66VP77VOMQFSJMRS,set_budget,137bcd2444b32e326d99c582d78ed2cd1c9131675e6f383ff4f7b753f007e7ba,https://stellar.expert/explorer/testnet/tx/137bcd2444b32e326d99c582d78ed2cd1c9131675e6f383ff4f7b753f007e7ba,""
21,"Priya Choudhury",GB2J3IBREEYZIAURWGNFSWVEWJXVH6RICMUYF3YM66VP77VOMQFSJMRS,create_payment,229da97202952eac340a04093db54c1ae314d25233dbfac29286bf683ce12436,https://stellar.expert/explorer/testnet/tx/229da97202952eac340a04093db54c1ae314d25233dbfac29286bf683ce12436,"amount:510 to:GBLZWWAN..."
22,"Sunita Bhat",GCCKIGGJBXKELTR3O6FKE3IQSJGLGUFSFSV72WLTEYPH65FQG4X7Y5AH,register_agent,920091d4de74f84964f9d7f3d3270d2153799badb2728eb039bc5f297b52fa22,https://stellar.expert/explorer/testnet/tx/920091d4de74f84964f9d7f3d3270d2153799badb2728eb039bc5f297b52fa22,""
22,"Sunita Bhat",GCCKIGGJBXKELTR3O6FKE3IQSJGLGUFSFSV72WLTEYPH65FQG4X7Y5AH,set_budget,973ed1e986f8b3fb250cc1956a7571733f2a2bca359f416e3a2159da1f98cb83,https://stellar.expert/explorer/testnet/tx/973ed1e986f8b3fb250cc1956a7571733f2a2bca359f416e3a2159da1f98cb83,""
22,"Sunita Bhat",GCCKIGGJBXKELTR3O6FKE3IQSJGLGUFSFSV72WLTEYPH65FQG4X7Y5AH,create_payment,8416a5bf41e4bd2aad955084910b4cc35c2e8b4e355661720e711d915b32edbf,https://stellar.expert/explorer/testnet/tx/8416a5bf41e4bd2aad955084910b4cc35c2e8b4e355661720e711d915b32edbf,"amount:1014 to:GDOACY6W..."
23,"Geeta Kamath",GA3ML4EBE3TNMHGKDNZOYOZ5356RIPRLSSJBSVBWHXJVYPXSV6W4HXTS,register_agent,4eeadbfa8b497fe1cdc32182e093fd4c235a96d2b01eaddfae290060f6f10344,https://stellar.expert/explorer/testnet/tx/4eeadbfa8b497fe1cdc32182e093fd4c235a96d2b01eaddfae290060f6f10344,""
23,"Geeta Kamath",GA3ML4EBE3TNMHGKDNZOYOZ5356RIPRLSSJBSVBWHXJVYPXSV6W4HXTS,set_budget,e9d939364b6bfb85b37e3255d1ed5f1b11172a4e4fba404ebbff039f3cf3c246,https://stellar.expert/explorer/testnet/tx/e9d939364b6bfb85b37e3255d1ed5f1b11172a4e4fba404ebbff039f3cf3c246,""
23,"Geeta Kamath",GA3ML4EBE3TNMHGKDNZOYOZ5356RIPRLSSJBSVBWHXJVYPXSV6W4HXTS,create_payment,87a79e291d5ea5d2fb4122aea1dfdcb6eb2017b6db5b24b160c34734b3941a92,https://stellar.expert/explorer/testnet/tx/87a79e291d5ea5d2fb4122aea1dfdcb6eb2017b6db5b24b160c34734b3941a92,"amount:990 to:GCPHJ7BP..."
24,"Pallavi Patel",GBKCDZIYYJAVT6KESITPUEA35R54ED3JNK2AN332RGZBHRB2ODHJ3IZW,register_agent,10d8847961cafa5813f77b6806f094a11fbd012a739d05414bf243895901871a,https://stellar.expert/explorer/testnet/tx/10d8847961cafa5813f77b6806f094a11fbd012a739d05414bf243895901871a,""
24,"Pallavi Patel",GBKCDZIYYJAVT6KESITPUEA35R54ED3JNK2AN332RGZBHRB2ODHJ3IZW,set_budget,2f709bd3f06d21affec64e0b9efe5df76620cce0ed3d0aef8bbb715c101d1e08,https://stellar.expert/explorer/testnet/tx/2f709bd3f06d21affec64e0b9efe5df76620cce0ed3d0aef8bbb715c101d1e08,""
24,"Pallavi Patel",GBKCDZIYYJAVT6KESITPUEA35R54ED3JNK2AN332RGZBHRB2ODHJ3IZW,create_payment,5c06d17fb9e883ae640568baa65e6af944bcc3f0b1047e5c9ef2789e719f891b,https://stellar.expert/explorer/testnet/tx/5c06d17fb9e883ae640568baa65e6af944bcc3f0b1047e5c9ef2789e719f891b,"amount:922 to:GALI4VUM..."
25,"Aarav Ghosh",GD5ALUPR2IAX5BBBU6WFFZLMBFJ4PUE5M6CF53YOGZ3BNRVYQRMKH3ZC,register_agent,d650a6f95ed847cfb9b660b2f7b0e79711f0b87e92f9e2a6712d3ba6d0c0ad3f,https://stellar.expert/explorer/testnet/tx/d650a6f95ed847cfb9b660b2f7b0e79711f0b87e92f9e2a6712d3ba6d0c0ad3f,""
25,"Aarav Ghosh",GD5ALUPR2IAX5BBBU6WFFZLMBFJ4PUE5M6CF53YOGZ3BNRVYQRMKH3ZC,set_budget,6bdf35b11d974d1a6872267c51ad6ebaf7202fa7e1abfe25c9f41c089794df04,https://stellar.expert/explorer/testnet/tx/6bdf35b11d974d1a6872267c51ad6ebaf7202fa7e1abfe25c9f41c089794df04,""
25,"Aarav Ghosh",GD5ALUPR2IAX5BBBU6WFFZLMBFJ4PUE5M6CF53YOGZ3BNRVYQRMKH3ZC,create_payment,9883e041bf33dde62c29e2f70dfa928495f02916addf153bcb6834a47ff4f8b4,https://stellar.expert/explorer/testnet/tx/9883e041bf33dde62c29e2f70dfa928495f02916addf153bcb6834a47ff4f8b4,"amount:494 to:GC5XQPEJ..."
26,"Harsh Pillai",GDP7XEIWII2TXRX3W7IHQMGA7EVQ7EXWK5BUV7VMDUA2KKJV33AJQ2UF,register_agent,ce4ac9b09129d8e95b10eaa30fd403c83189c6934dc09528983c0cc3c534264a,https://stellar.expert/explorer/testnet/tx/ce4ac9b09129d8e95b10eaa30fd403c83189c6934dc09528983c0cc3c534264a,""
26,"Harsh Pillai",GDP7XEIWII2TXRX3W7IHQMGA7EVQ7EXWK5BUV7VMDUA2KKJV33AJQ2UF,set_budget,90d348e47fd628a07ca14293c6e2b0fe16cf34c066611b63a76dedb3572eca0a,https://stellar.expert/explorer/testnet/tx/90d348e47fd628a07ca14293c6e2b0fe16cf34c066611b63a76dedb3572eca0a,""
26,"Harsh Pillai",GDP7XEIWII2TXRX3W7IHQMGA7EVQ7EXWK5BUV7VMDUA2KKJV33AJQ2UF,create_payment,8b847353a5e2af2879b169d7b5f5326f83925f949bbf47733de66a501dca2c9e,https://stellar.expert/explorer/testnet/tx/8b847353a5e2af2879b169d7b5f5326f83925f949bbf47733de66a501dca2c9e,"amount:778 to:GAIWAFNX..."
27,"Deepika Sharma",GBT2TCJ4F6T2XDWBBFYTWKAV72UCNHVRPL5SIDQ2BDZUKHSRJYMPHOQY,register_agent,c909a4c0cb80b15e7ef2611cd4f0e19868bffcb575ce79ad1621afc5545c2020,https://stellar.expert/explorer/testnet/tx/c909a4c0cb80b15e7ef2611cd4f0e19868bffcb575ce79ad1621afc5545c2020,""
28,"Mohan Hegde",GC7ODS7OWPLVFEWU7B4Y7OH4ZBJUKYVORT4K7N2M4I4MY42ZXJ5J2BQV,register_agent,782a9a7ff1f8a1c22f1571090fca2973aeca7990506a18d1e339ab30794fe73e,https://stellar.expert/explorer/testnet/tx/782a9a7ff1f8a1c22f1571090fca2973aeca7990506a18d1e339ab30794fe73e,""
28,"Mohan Hegde",GC7ODS7OWPLVFEWU7B4Y7OH4ZBJUKYVORT4K7N2M4I4MY42ZXJ5J2BQV,set_budget,f4ae1f96dfc76ed54074cf03d3ff9f80b15e7677ff2f19e4ccaf298666fe2938,https://stellar.expert/explorer/testnet/tx/f4ae1f96dfc76ed54074cf03d3ff9f80b15e7677ff2f19e4ccaf298666fe2938,""
28,"Mohan Hegde",GC7ODS7OWPLVFEWU7B4Y7OH4ZBJUKYVORT4K7N2M4I4MY42ZXJ5J2BQV,create_payment,f26c6731146c9144ea21aa2b38fa4efb080c7cd1f81780478175bfdf2780c892,https://stellar.expert/explorer/testnet/tx/f26c6731146c9144ea21aa2b38fa4efb080c7cd1f81780478175bfdf2780c892,"amount:406 to:GCOEYTKD..."
29,"Amit Menon",GA7FJC3PW7SS4Q23OXEF7LXQIVLEEIAFD2NQAEV2DJGDH45AZORBLJDK,register_agent,e162c3b4ef769af5ec6bc37c5d45a30acd1bfff159be38bf85c5181fe8db06da,https://stellar.expert/explorer/testnet/tx/e162c3b4ef769af5ec6bc37c5d45a30acd1bfff159be38bf85c5181fe8db06da,""
29,"Amit Menon",GA7FJC3PW7SS4Q23OXEF7LXQIVLEEIAFD2NQAEV2DJGDH45AZORBLJDK,set_budget,01894300065a79a20db47a58deba0ae7fa9ebb1984ab760d65e8513b9fc45037,https://stellar.expert/explorer/testnet/tx/01894300065a79a20db47a58deba0ae7fa9ebb1984ab760d65e8513b9fc45037,""
29,"Amit Menon",GA7FJC3PW7SS4Q23OXEF7LXQIVLEEIAFD2NQAEV2DJGDH45AZORBLJDK,create_payment,54be0cb044d0fe932d3b9b7557f214d49e410c5fb1cabe8fe064623db3fb24be,https://stellar.expert/explorer/testnet/tx/54be0cb044d0fe932d3b9b7557f214d49e410c5fb1cabe8fe064623db3fb24be,"amount:284 to:GA4I3FG6..."
30,"Jatin Bose",GB6S7AA6X37QLJ3NJJU44XOYLGGCMHGCNAVTAB3MUWGZQW7JLJHV2S3R,register_agent,97a2d91daf04bfabd283ccf9ba13dac118dea0a35e8b230437dfe91adf00575b,https://stellar.expert/explorer/testnet/tx/97a2d91daf04bfabd283ccf9ba13dac118dea0a35e8b230437dfe91adf00575b,""
30,"Jatin Bose",GB6S7AA6X37QLJ3NJJU44XOYLGGCMHGCNAVTAB3MUWGZQW7JLJHV2S3R,set_budget,3716259c2f6a429893172502ac1b737f331eb27c881d160eab512076ac32ea7d,https://stellar.expert/explorer/testnet/tx/3716259c2f6a429893172502ac1b737f331eb27c881d160eab512076ac32ea7d,""
30,"Jatin Bose",GB6S7AA6X37QLJ3NJJU44XOYLGGCMHGCNAVTAB3MUWGZQW7JLJHV2S3R,create_payment,d3fc9c6ad09695a9986be1fa9062a126e2900cca4b38f9ca23c4711f6bff0981,https://stellar.expert/explorer/testnet/tx/d3fc9c6ad09695a9986be1fa9062a126e2900cca4b38f9ca23c4711f6bff0981,"amount:760 to:GBKE2KGZ..."
31,"Sarita Kumar",GD6AXCBEN34ZH47QXW5FJRZCWO2UBKK67QDUMDPG45NYHE6SMW6JJWRN,register_agent,1ebdb341c02514e6908ddcb58ce1923a594941a81631b7422b29c5032930462d,https://stellar.expert/explorer/testnet/tx/1ebdb341c02514e6908ddcb58ce1923a594941a81631b7422b29c5032930462d,""
31,"Sarita Kumar",GD6AXCBEN34ZH47QXW5FJRZCWO2UBKK67QDUMDPG45NYHE6SMW6JJWRN,set_budget,e719b51cedbfda02d39aa5574e4558d168d751816ccf2665a693e852bee09a4e,https://stellar.expert/explorer/testnet/tx/e719b51cedbfda02d39aa5574e4558d168d751816ccf2665a693e852bee09a4e,""
32,"Meera Mishra",GD3VDMAT5F5C3DR5KTYA4RCNL7RJ3FUTHWNFLY4Z55BPJZ3WGYGHMQQR,register_agent,9b8f1da601a201f1ca066174bb542836003bfc13173e22a46ec1d83383510b66,https://stellar.expert/explorer/testnet/tx/9b8f1da601a201f1ca066174bb542836003bfc13173e22a46ec1d83383510b66,""
32,"Meera Mishra",GD3VDMAT5F5C3DR5KTYA4RCNL7RJ3FUTHWNFLY4Z55BPJZ3WGYGHMQQR,set_budget,9515acfc75629098f757aa85ee8b220dcdfcf4e8e902a1feec51caebffa0df33,https://stellar.expert/explorer/testnet/tx/9515acfc75629098f757aa85ee8b220dcdfcf4e8e902a1feec51caebffa0df33,""
33,"Uday Banerjee",GDY4DNS3ZFKJB3VYDFDHVMEPMBLZFXORDQPCLC763MWMIW7RYNWEWMDO,register_agent,91b1776a0cbd09420263b737d8c0be5200fe3122faeb33f5d24ff4d3c40f5aa6,https://stellar.expert/explorer/testnet/tx/91b1776a0cbd09420263b737d8c0be5200fe3122faeb33f5d24ff4d3c40f5aa6,""
33,"Uday Banerjee",GDY4DNS3ZFKJB3VYDFDHVMEPMBLZFXORDQPCLC763MWMIW7RYNWEWMDO,set_budget,63193a67a02b7e4e80e3b44e85dd670e5baa7655cbb6d93067e2334e2a221e63,https://stellar.expert/explorer/testnet/tx/63193a67a02b7e4e80e3b44e85dd670e5baa7655cbb6d93067e2334e2a221e63,""
34,"Ananya Chauhan",GA4CGU7LMQBF3DI55LPXJMJHU2OWYMDWNO35XAJHUGIWF5S35HSDVCVD,register_agent,d483a7ca5bc7856a887cba534d2a29d9b7a7a6de9328eea0bd3c8ddc3e5d5941,https://stellar.expert/explorer/testnet/tx/d483a7ca5bc7856a887cba534d2a29d9b7a7a6de9328eea0bd3c8ddc3e5d5941,""
34,"Ananya Chauhan",GA4CGU7LMQBF3DI55LPXJMJHU2OWYMDWNO35XAJHUGIWF5S35HSDVCVD,set_budget,a815f72d5da7849ffdee79080a73bbbc751ddad1a6cfdb400bfb59b4b12c0fb7,https://stellar.expert/explorer/testnet/tx/a815f72d5da7849ffdee79080a73bbbc751ddad1a6cfdb400bfb59b4b12c0fb7,""
35,"Harini Prabhu",GCVEGP6FZGHNW2XIUSPVKV7MOXVXLSWT5J6WOTJCUUZRFQQZJL3KGGE2,register_agent,b0b57b0583958bf7860b8513cb1c77b8b73a5c5bd8752774cbc47a8194ad509c,https://stellar.expert/explorer/testnet/tx/b0b57b0583958bf7860b8513cb1c77b8b73a5c5bd8752774cbc47a8194ad509c,""
35,"Harini Prabhu",GCVEGP6FZGHNW2XIUSPVKV7MOXVXLSWT5J6WOTJCUUZRFQQZJL3KGGE2,set_budget,bdf62c8a2203b6996b61855bb355c94080f7d27a7426fa3457cc7fd74ae2649b,https://stellar.expert/explorer/testnet/tx/bdf62c8a2203b6996b61855bb355c94080f7d27a7426fa3457cc7fd74ae2649b,""
36,"Vivek Rao",GBH34WW2KIJZ6IYPV6A3VO4Q3QSESGB3KFEM65KY3YTDYYDQYGNO5GXY,register_agent,f9c57a98147a08d19d51f6c7f238df48530f40d116d39de343b450aea72f389d,https://stellar.expert/explorer/testnet/tx/f9c57a98147a08d19d51f6c7f238df48530f40d116d39de343b450aea72f389d,""
36,"Vivek Rao",GBH34WW2KIJZ6IYPV6A3VO4Q3QSESGB3KFEM65KY3YTDYYDQYGNO5GXY,set_budget,e3065fe11bf03a7a29fd10bd6791fef6252003531bbf478780bf31bd799fa928,https://stellar.expert/explorer/testnet/tx/e3065fe11bf03a7a29fd10bd6791fef6252003531bbf478780bf31bd799fa928,""
37,"Deepti Singh",GBCTGCVIRSG4FKMZLEKQMQGRI22HPRLIHUVK37XBK65UOZD4YMBMYOSC,register_agent,c8785cd8dfafa55bb3a2fd218ce3e8e402c6c83f799d18ff477b2467efb64173,https://stellar.expert/explorer/testnet/tx/c8785cd8dfafa55bb3a2fd218ce3e8e402c6c83f799d18ff477b2467efb64173,""
37,"Deepti Singh",GBCTGCVIRSG4FKMZLEKQMQGRI22HPRLIHUVK37XBK65UOZD4YMBMYOSC,set_budget,25d2a44c25d065d38b7ef5a44dd109e08fb5d46318cb24f0e58c97465e1d976e,https://stellar.expert/explorer/testnet/tx/25d2a44c25d065d38b7ef5a44dd109e08fb5d46318cb24f0e58c97465e1d976e,""
38,"Aditi Dubey",GBNZSQCFCKCDF3O4GY3DJHXXOZ3OJPJBRVABVWO43KOP35OL2SHHZU7A,register_agent,f47b9f6047c8987cbcc419a3c67a7188ce7b7faea0daecdc9ca23e3637682954,https://stellar.expert/explorer/testnet/tx/f47b9f6047c8987cbcc419a3c67a7188ce7b7faea0daecdc9ca23e3637682954,""
38,"Aditi Dubey",GBNZSQCFCKCDF3O4GY3DJHXXOZ3OJPJBRVABVWO43KOP35OL2SHHZU7A,set_budget,46019da349e2885a3da6c356083439d3722f5d3e17ceaf9ad4d7712ed5f46255,https://stellar.expert/explorer/testnet/tx/46019da349e2885a3da6c356083439d3722f5d3e17ceaf9ad4d7712ed5f46255,""
39,"Vikram Das",GCC4ED4RQM6S4D2OHXZLD5HZGUJX3NPPDQCGAYS6W4HNUXMZCUF2QP2M,register_agent,178eec34ba42a86132a41c6a28407040549e456b612f884450d35cbd78b02a00,https://stellar.expert/explorer/testnet/tx/178eec34ba42a86132a41c6a28407040549e456b612f884450d35cbd78b02a00,""
39,"Vikram Das",GCC4ED4RQM6S4D2OHXZLD5HZGUJX3NPPDQCGAYS6W4HNUXMZCUF2QP2M,set_budget,ee5b45f80b02904668cd515521098cef84ffc5641f3d6a096bf0e3740d4680aa,https://stellar.expert/explorer/testnet/tx/ee5b45f80b02904668cd515521098cef84ffc5641f3d6a096bf0e3740d4680aa,""
40,"Varun Reddy",GAPZ2EYGQRWTHO22QMW6ETZVYM3A6EWEKXLYOD6ROFAZ2673RDQGRYQN,register_agent,5dc8fda90725fcf7129989386e5e5b7856eb09ed0f864d97aa62d920aa637633,https://stellar.expert/explorer/testnet/tx/5dc8fda90725fcf7129989386e5e5b7856eb09ed0f864d97aa62d920aa637633,""
40,"Varun Reddy",GAPZ2EYGQRWTHO22QMW6ETZVYM3A6EWEKXLYOD6ROFAZ2673RDQGRYQN,set_budget,d2d7a2f38f4b05d33e6bd94f68258bca5a551aa5a043f56c3d7105913ddd1a0c,https://stellar.expert/explorer/testnet/tx/d2d7a2f38f4b05d33e6bd94f68258bca5a551aa5a043f56c3d7105913ddd1a0c,""
41,"Lakshmi Deshmukh",GBFVK6LDGNEXLQY7CWCKFU7W4EOJ6PQJXBWIFWEAXHKA76PF7JWCKK7A,register_agent,1c29d57f5ab7096b04e26293ba78c9e643117ce8fac0b10a039865941dab31e8,https://stellar.expert/explorer/testnet/tx/1c29d57f5ab7096b04e26293ba78c9e643117ce8fac0b10a039865941dab31e8,""
41,"Lakshmi Deshmukh",GBFVK6LDGNEXLQY7CWCKFU7W4EOJ6PQJXBWIFWEAXHKA76PF7JWCKK7A,set_budget,c6514855a1e772247f731ca6e1f7615fad468589b1a58236fc27404d72ef452a,https://stellar.expert/explorer/testnet/tx/c6514855a1e772247f731ca6e1f7615fad468589b1a58236fc27404d72ef452a,""
42,"Lalit Saxena",GD67IVUIS5FW22JEVH7MJELVJDO7HVW7FSPOPPTSKFKEVVHRN4L27DF7,register_agent,f759896a7e73616f3c91a9df865e8a677db60511ab3dafaab426e40c128abb05,https://stellar.expert/explorer/testnet/tx/f759896a7e73616f3c91a9df865e8a677db60511ab3dafaab426e40c128abb05,""
42,"Lalit Saxena",GD67IVUIS5FW22JEVH7MJELVJDO7HVW7FSPOPPTSKFKEVVHRN4L27DF7,set_budget,6a3420f6db2a83f45603232ba4bdc431562ad3947ae2e5ca87c6cf33ff950a23,https://stellar.expert/explorer/testnet/tx/6a3420f6db2a83f45603232ba4bdc431562ad3947ae2e5ca87c6cf33ff950a23,""
43,"Sanjana Iyer",GCRUGPAGQWFDI6PG4SJTPDQUMQLO4SLX4UXLD3XYVR34XYB4GIWSVHCL,register_agent,eb199b1dd4fbf2bf1f77ec6cc012c72f92710ac6ad17a1dff03f5ba654b0946f,https://stellar.expert/explorer/testnet/tx/eb199b1dd4fbf2bf1f77ec6cc012c72f92710ac6ad17a1dff03f5ba654b0946f,""
43,"Sanjana Iyer",GCRUGPAGQWFDI6PG4SJTPDQUMQLO4SLX4UXLD3XYVR34XYB4GIWSVHCL,set_budget,f2b42c5b6b93d3d418d692194aab2626e91cbd7102b8e956ee2005b0ebb7474f,https://stellar.expert/explorer/testnet/tx/f2b42c5b6b93d3d418d692194aab2626e91cbd7102b8e956ee2005b0ebb7474f,""
44,"Sonia Trivedi",GBUMOEY4QJDOI4VJFDA7X24TZEGAMRMYNWASATFKX4X2O7MHQBPY6552,register_agent,c80fd708de3f65074045c27c8a94e2c80fe7da9aeba93e1dc560e97b59c6a409,https://stellar.expert/explorer/testnet/tx/c80fd708de3f65074045c27c8a94e2c80fe7da9aeba93e1dc560e97b59c6a409,""
44,"Sonia Trivedi",GBUMOEY4QJDOI4VJFDA7X24TZEGAMRMYNWASATFKX4X2O7MHQBPY6552,set_budget,932663971f46c87a232d3129a1c67b9b84d453d875f6ffa5f59682f9ccc05ebb,https://stellar.expert/explorer/testnet/tx/932663971f46c87a232d3129a1c67b9b84d453d875f6ffa5f59682f9ccc05ebb,""
45,"Aryan Tiwari",GDEIHWTBISLHT4ZDFIQBAYTK3ZMGP5CZF5G3T6BXMLPWVB32IFYS52BB,register_agent,ba10b26c87431618e62cf4e4f53aff795bc7aac7e9518cb09dc494a72ca056cf,https://stellar.expert/explorer/testnet/tx/ba10b26c87431618e62cf4e4f53aff795bc7aac7e9518cb09dc494a72ca056cf,""
45,"Aryan Tiwari",GDEIHWTBISLHT4ZDFIQBAYTK3ZMGP5CZF5G3T6BXMLPWVB32IFYS52BB,set_budget,15cafde9e90c37d996f7729e5ef941ed1993b2a6ec30cab6771b7ebe3067cc3b,https://stellar.expert/explorer/testnet/tx/15cafde9e90c37d996f7729e5ef941ed1993b2a6ec30cab6771b7ebe3067cc3b,""
46,"Anjali Pandey",GDCMUPRA4V6EU2WQJ7C2HOXYC4SPE7U6FW2ISFHEVDVZPUHQIJEOGZLE,register_agent,889d09ff2649ac64be1d9c5e8bdc3ba5a86b9a98b4ff6efab06fc62cb61190e4,https://stellar.expert/explorer/testnet/tx/889d09ff2649ac64be1d9c5e8bdc3ba5a86b9a98b4ff6efab06fc62cb61190e4,""
46,"Anjali Pandey",GDCMUPRA4V6EU2WQJ7C2HOXYC4SPE7U6FW2ISFHEVDVZPUHQIJEOGZLE,set_budget,170aa3afbf8e11338dff3224293b99ecf756ad707bcf2eee3c009c3ac62aa68b,https://stellar.expert/explorer/testnet/tx/170aa3afbf8e11338dff3224293b99ecf756ad707bcf2eee3c009c3ac62aa68b,""
47,"Kiran Yadav",GDWE6MBJPXAS6CKKWJ5JPDLNJK65ABQ4DCQ2XWBQX44G5E67B32IR7YU,register_agent,181a779ea5f56480790d2bdf725c7b7225bec23bbdc3a43bf4f0f5b944358ba9,https://stellar.expert/explorer/testnet/tx/181a779ea5f56480790d2bdf725c7b7225bec23bbdc3a43bf4f0f5b944358ba9,""
47,"Kiran Yadav",GDWE6MBJPXAS6CKKWJ5JPDLNJK65ABQ4DCQ2XWBQX44G5E67B32IR7YU,set_budget,186895f45301f65d132ec41f373c429eeaae1a285edc42a3f29754efc1663d22,https://stellar.expert/explorer/testnet/tx/186895f45301f65d132ec41f373c429eeaae1a285edc42a3f29754efc1663d22,""
48,"Rohit Shenoy",GBJBL7RNLOOLNHL4C46PFCR5OAFWEZYG2HYYKMB4QO2SG6XXGO3KYOLP,register_agent,12f12142c684637fe8a92447d86c0ec210d91aebaf72d5b00bfe40aeaae312e0,https://stellar.expert/explorer/testnet/tx/12f12142c684637fe8a92447d86c0ec210d91aebaf72d5b00bfe40aeaae312e0,""
48,"Rohit Shenoy",GBJBL7RNLOOLNHL4C46PFCR5OAFWEZYG2HYYKMB4QO2SG6XXGO3KYOLP,set_budget,011128fb085168e0f57ea2867e1b02efb27396114d4663dc0e79ca272795716d,https://stellar.expert/explorer/testnet/tx/011128fb085168e0f57ea2867e1b02efb27396114d4663dc0e79ca272795716d,""
49,"Sameer Joshi",GA3EYTDJELE3NAWEGVHAZFHCJPYMDA5GMZ5ER5YWPYA44KRHFZBO4SME,register_agent,1817b5603bfbc6ff6f97c9da9761fb17a059acdb8aa27481b4fd02d0e4eedab3,https://stellar.expert/explorer/testnet/tx/1817b5603bfbc6ff6f97c9da9761fb17a059acdb8aa27481b4fd02d0e4eedab3,""
49,"Sameer Joshi",GA3EYTDJELE3NAWEGVHAZFHCJPYMDA5GMZ5ER5YWPYA44KRHFZBO4SME,set_budget,9d5104b4c8afa9c44fe26aa80b8930fe17a1f2489cfb542ebc099f2f8a462b81,https://stellar.expert/explorer/testnet/tx/9d5104b4c8afa9c44fe26aa80b8930fe17a1f2489cfb542ebc099f2f8a462b81,""
50,"Yash Srivastava",GBLZWWANWT5RMGVQKYJPBTWJ6OIV7DR2OPG4BOUEMHZZ2KIP77VZHLYU,register_agent,b01ddf172e207deab7ddf0d1829ea12bcc9f56e09b0c2cca4939a8bb7f9aa633,https://stellar.expert/explorer/testnet/tx/b01ddf172e207deab7ddf0d1829ea12bcc9f56e09b0c2cca4939a8bb7f9aa633,""
50,"Yash Srivastava",GBLZWWANWT5RMGVQKYJPBTWJ6OIV7DR2OPG4BOUEMHZZ2KIP77VZHLYU,set_budget,39a5778d4dbbe03ca4e070b6908db0e19d14b2f04731e285cb818abf3abd218d,https://stellar.expert/explorer/testnet/tx/39a5778d4dbbe03ca4e070b6908db0e19d14b2f04731e285cb818abf3abd218d,""
51,"Isha Nair",GDOACY6W7UN3R4YNKKXIKX7UPPRRKD236HPRBXZM373USCZYPWJ4PJVB,register_agent,783ba9fd3b34039732c78b4a0dac0f99c45ced953e8c52ca2705c3d25a556a51,https://stellar.expert/explorer/testnet/tx/783ba9fd3b34039732c78b4a0dac0f99c45ced953e8c52ca2705c3d25a556a51,""
51,"Isha Nair",GDOACY6W7UN3R4YNKKXIKX7UPPRRKD236HPRBXZM373USCZYPWJ4PJVB,set_budget,2ab380b06213302b25c8fabbd38af2724f4b865395cc7ada7df4a0b1b8250112,https://stellar.expert/explorer/testnet/tx/2ab380b06213302b25c8fabbd38af2724f4b865395cc7ada7df4a0b1b8250112,""
52,"Gaurav Gupta",GCPHJ7BPLW6NNTEWVZTRDT6ERE6MMW2VPISLTDX2EN2GLJROANKF4OHZ,register_agent,6e6237968fb398fcf11854045ca83364c8a847b65215021608df1d7a5e4318e3,https://stellar.expert/explorer/testnet/tx/6e6237968fb398fcf11854045ca83364c8a847b65215021608df1d7a5e4318e3,""
52,"Gaurav Gupta",GCPHJ7BPLW6NNTEWVZTRDT6ERE6MMW2VPISLTDX2EN2GLJROANKF4OHZ,set_budget,19446457bd00ab541778e5fec6585a007e57f53c4db01e8e38396cbc85e1821a,https://stellar.expert/explorer/testnet/tx/19446457bd00ab541778e5fec6585a007e57f53c4db01e8e38396cbc85e1821a,""
53,"Arjun Naik",GALI4VUMOLW7MWB6MWGMSMNFHCJBNGSFEMZ2ZPUT4IZ6IQZ46UJ3SYWO,register_agent,7240cc36d2e4af4a1c280874bba5afae4466beafb338585e88554d5c16321ea6,https://stellar.expert/explorer/testnet/tx/7240cc36d2e4af4a1c280874bba5afae4466beafb338585e88554d5c16321ea6,""
53,"Arjun Naik",GALI4VUMOLW7MWB6MWGMSMNFHCJBNGSFEMZ2ZPUT4IZ6IQZ46UJ3SYWO,set_budget,e613bdfdfa4b618b19d35565a4a84d16a641540e4f58a339a9350662558eef14,https://stellar.expert/explorer/testnet/tx/e613bdfdfa4b618b19d35565a4a84d16a641540e4f58a339a9350662558eef14,""
57,"Tanvi Choudhury",GC5XQPEJ4WN7CXLID6QBAU3HK7CWUV7R2L36I5FWITEIXBQGZ3B35BIU,register_agent,24b1d99c2feeb3e44c24f238ada479d7be8c81f96d535258450c9eda79fb1860,https://stellar.expert/explorer/testnet/tx/24b1d99c2feeb3e44c24f238ada479d7be8c81f96d535258450c9eda79fb1860,""
57,"Tanvi Choudhury",GC5XQPEJ4WN7CXLID6QBAU3HK7CWUV7R2L36I5FWITEIXBQGZ3B35BIU,set_budget,2e938746c4b3a48a3635643a27ce286472d91e71947fc7b3a6dd51632b98c524,https://stellar.expert/explorer/testnet/tx/2e938746c4b3a48a3635643a27ce286472d91e71947fc7b3a6dd51632b98c524,""
58,"Srinivas Bhat",GAIWAFNXHRTH32GP4GTJEC5KH5WNMDGDQFPALMZOZWM2OVX4HEMYC4WV,register_agent,4b8e6c11e816508fadec5c9c33cdd2ebc13ff50beaf13e05bd8f208be2ed8096,https://stellar.expert/explorer/testnet/tx/4b8e6c11e816508fadec5c9c33cdd2ebc13ff50beaf13e05bd8f208be2ed8096,""
58,"Srinivas Bhat",GAIWAFNXHRTH32GP4GTJEC5KH5WNMDGDQFPALMZOZWM2OVX4HEMYC4WV,set_budget,bf9d938b84c11c43209107bf0180c3c2879ebaabe5947f410d8bea538bc39db5,https://stellar.expert/explorer/testnet/tx/bf9d938b84c11c43209107bf0180c3c2879ebaabe5947f410d8bea538bc39db5,""
59,"Chandan Kamath",GCOEYTKDZOPTDYYNW5ETPPWGKNWVBDX2AFD5PGUCMMFVNKKHG4SLWWNP,register_agent,c7c7253c9b89661ea23cc54e0504164d8d790aa8793ec5ff81dc818e9302cc12,https://stellar.expert/explorer/testnet/tx/c7c7253c9b89661ea23cc54e0504164d8d790aa8793ec5ff81dc818e9302cc12,""
59,"Chandan Kamath",GCOEYTKDZOPTDYYNW5ETPPWGKNWVBDX2AFD5PGUCMMFVNKKHG4SLWWNP,set_budget,e68d4ec893833830e467befd0d40bbf04596fdf11baba5f80ec2f084a6692ab5,https://stellar.expert/explorer/testnet/tx/e68d4ec893833830e467befd0d40bbf04596fdf11baba5f80ec2f084a6692ab5,""
60,"Rekha Patel",GA4I3FG6MYMHNMLLAWFHKUXOJ6E4CE2WKQ3DL7CRV42ZR6F7QV3MBXR4,register_agent,06ef9534157b12fc8363b4ec9c3d32a9ab2abfad29da9c47e9559ca9a001d04d,https://stellar.expert/explorer/testnet/tx/06ef9534157b12fc8363b4ec9c3d32a9ab2abfad29da9c47e9559ca9a001d04d,""
60,"Rekha Patel",GA4I3FG6MYMHNMLLAWFHKUXOJ6E4CE2WKQ3DL7CRV42ZR6F7QV3MBXR4,set_budget,fb3140b0f58c0f2698c71f3bd5fcdc595cd961f0894f85931308e193e3971bb9,https://stellar.expert/explorer/testnet/tx/fb3140b0f58c0f2698c71f3bd5fcdc595cd961f0894f85931308e193e3971bb9,""
61,"Sandeep Ghosh",GBKE2KGZAY3DIE5JY2PME54NV354OLN6LWFZEZSRUGABLUMNDVGXVBQN,register_agent,3c96738c3f8704cc64c90c69e6c793d044fdd6054e4bb324d3d717d8dfdb6642,https://stellar.expert/explorer/testnet/tx/3c96738c3f8704cc64c90c69e6c793d044fdd6054e4bb324d3d717d8dfdb6642,""
61,"Sandeep Ghosh",GBKE2KGZAY3DIE5JY2PME54NV354OLN6LWFZEZSRUGABLUMNDVGXVBQN,set_budget,12485cd76b28e840628a06d6c36327ef89d7e36461700a2bd6e7ed5750db34c4,https://stellar.expert/explorer/testnet/tx/12485cd76b28e840628a06d6c36327ef89d7e36461700a2bd6e7ed5750db34c4,""